<?xml version="1.0" encoding="UTF-8"?>
<project-private xmlns="http://www.netbeans.org/ns/project-private/1">
    <editor-bookmarks xmlns="http://www.netbeans.org/ns/editor-bookmarks/2" lastBookmarkId="0"/>
    <open-files xmlns="http://www.netbeans.org/ns/projectui-open-files/2">
        <group>
            <file>file:/C:/Users/Abdi%20Jamal%20Gedi%20Osmn/Documents/NetBeansProjects/LoginAndregistration/src/LoginForm.java</file>
            <file>file:/C:/Users/Abdi%20Jamal%20Gedi%20Osmn/Documents/NetBeansProjects/LoginAndregistration/src/RegistrationForm.java</file>
            <file>file:/C:/Users/Abdi%20Jamal%20Gedi%20Osmn/Documents/NetBeansProjects/LoginAndregistration/src/DashBoard.java</file>
        </group>
    </open-files>
</project-private>
